"id","code","name"
"ale-kommun","ale-kommun","Ale kommun"
"alingsås-kommun","alingsås-kommun","Alingsås kommun"
"alvesta-kommun","alvesta-kommun","Alvesta kommun"
"aneby-kommun","aneby-kommun","Aneby kommun"
"arboga-kommun","arboga-kommun","Arboga kommun"
"arjeplogs-kommun","arjeplogs-kommun","Arjeplogs kommun"
"arvidsjaurs-kommun","arvidsjaurs-kommun","Arvidsjaurs kommun"
"arvika-kommun","arvika-kommun","Arvika kommun"
"askersunds-kommun","askersunds-kommun","Askersunds kommun"
"avesta-kommun","avesta-kommun","Avesta kommun"
"bengtsfors-kommun","bengtsfors-kommun","Bengtsfors kommun"
"bergs-kommun","bergs-kommun","Bergs kommun"
"bjurholms-kommun","bjurholms-kommun","Bjurholms kommun"
"bjuvs-kommun","bjuvs-kommun","Bjuvs kommun"
"bodens-kommun","bodens-kommun","Bodens kommun"
"bollebygds-kommun","bollebygds-kommun","Bollebygds kommun"
"bollnäs-kommun","bollnäs-kommun","Bollnäs kommun"
"borgholms-kommun","borgholms-kommun","Borgholms kommun"
"borlänge-kommun","borlänge-kommun","Borlänge kommun"
"borås-kommun","borås-kommun","Borås kommun"
"botkyrka-kommun","botkyrka-kommun","Botkyrka kommun"
"boxholms-kommun","boxholms-kommun","Boxholms kommun"
"bromölla-kommun","bromölla-kommun","Bromölla kommun"
"bräcke-kommun","bräcke-kommun","Bräcke kommun"
"burlövs-kommun","burlövs-kommun","Burlövs kommun"
"båstads-kommun","båstads-kommun","Båstads kommun"
"dals-eds-kommun","dals-eds-kommun","Dals-Eds kommun"
"danderyds-kommun","danderyds-kommun","Danderyds kommun"
"degerfors-kommun","degerfors-kommun","Degerfors kommun"
"dorotea-kommun","dorotea-kommun","Dorotea kommun"
"eda-kommun","eda-kommun","Eda kommun"
"ekerö-kommun","ekerö-kommun","Ekerö kommun"
"eksjö-kommun","eksjö-kommun","Eksjö kommun"
"emmaboda-kommun","emmaboda-kommun","Emmaboda kommun"
"enköpings-kommun","enköpings-kommun","Enköpings kommun"
"eskilstuna-kommun","eskilstuna-kommun","Eskilstuna kommun"
"eslövs-kommun","eslövs-kommun","Eslövs kommun"
"essunga-kommun","essunga-kommun","Essunga kommun"
"fagersta-kommun","fagersta-kommun","Fagersta kommun"
"falkenbergs-kommun","falkenbergs-kommun","Falkenbergs kommun"
"falköpings-kommun","falköpings-kommun","Falköpings kommun"
"falu-kommun","falu-kommun","Falu kommun"
"filipstads-kommun","filipstads-kommun","Filipstads kommun"
"finspångs-kommun","finspångs-kommun","Finspångs kommun"
"flens-kommun","flens-kommun","Flens kommun"
"forshaga-kommun","forshaga-kommun","Forshaga kommun"
"färgelanda-kommun","färgelanda-kommun","Färgelanda kommun"
"gagnefs-kommun","gagnefs-kommun","Gagnefs kommun"
"gislaveds-kommun","gislaveds-kommun","Gislaveds kommun"
"gnesta-kommun","gnesta-kommun","Gnesta kommun"
"gnosjö-kommun","gnosjö-kommun","Gnosjö kommun"
"gotlands-kommun","gotlands-kommun","Gotlands kommun"
"grums-kommun","grums-kommun","Grums kommun"
"grästorps-kommun","grästorps-kommun","Grästorps kommun"
"gullspångs-kommun","gullspångs-kommun","Gullspångs kommun"
"gällivare-kommun","gällivare-kommun","Gällivare kommun"
"gävle-kommun","gävle-kommun","Gävle kommun"
"göteborgs-kommun","göteborgs-kommun","Göteborgs kommun"
"götene-kommun","götene-kommun","Götene kommun"
"habo-kommun","habo-kommun","Habo kommun"
"hagfors-kommun","hagfors-kommun","Hagfors kommun"
"hallsbergs-kommun","hallsbergs-kommun","Hallsbergs kommun"
"hallstahammars-kommun","hallstahammars-kommun","Hallstahammars kommun"
"halmstads-kommun","halmstads-kommun","Halmstads kommun"
"hammarö-kommun","hammarö-kommun","Hammarö kommun"
"haninge-kommun","haninge-kommun","Haninge kommun"
"haparanda-kommun","haparanda-kommun","Haparanda kommun"
"heby-kommun","heby-kommun","Heby kommun"
"hedemora-kommun","hedemora-kommun","Hedemora kommun"
"helsingborgs-kommun","helsingborgs-kommun","Helsingborgs kommun"
"herrljunga-kommun","herrljunga-kommun","Herrljunga kommun"
"hjo-kommun","hjo-kommun","Hjo kommun"
"hofors-kommun","hofors-kommun","Hofors kommun"
"huddinge-kommun","huddinge-kommun","Huddinge kommun"
"hudiksvalls-kommun","hudiksvalls-kommun","Hudiksvalls kommun"
"hultsfreds-kommun","hultsfreds-kommun","Hultsfreds kommun"
"hylte-kommun","hylte-kommun","Hylte kommun"
"håbo-kommun","håbo-kommun","Håbo kommun"
"hällefors-kommun","hällefors-kommun","Hällefors kommun"
"härjedalens-kommun","härjedalens-kommun","Härjedalens kommun"
"härnösands-kommun","härnösands-kommun","Härnösands kommun"
"härryda-kommun","härryda-kommun","Härryda kommun"
"hässleholms-kommun","hässleholms-kommun","Hässleholms kommun"
"höganäs-kommun","höganäs-kommun","Höganäs kommun"
"högsby-kommun","högsby-kommun","Högsby kommun"
"hörby-kommun","hörby-kommun","Hörby kommun"
"höörs-kommun","höörs-kommun","Höörs kommun"
"jokkmokks-kommun","jokkmokks-kommun","Jokkmokks kommun"
"järfälla-kommun","järfälla-kommun","Järfälla kommun"
"jönköpings-kommun","jönköpings-kommun","Jönköpings kommun"
"kalix-kommun","kalix-kommun","Kalix kommun"
"kalmar-kommun","kalmar-kommun","Kalmar kommun"
"karlsborgs-kommun","karlsborgs-kommun","Karlsborgs kommun"
"karlshamns-kommun","karlshamns-kommun","Karlshamns kommun"
"karlskoga-kommun","karlskoga-kommun","Karlskoga kommun"
"karlskrona-kommun","karlskrona-kommun","Karlskrona kommun"
"karlstads-kommun","karlstads-kommun","Karlstads kommun"
"katrineholms-kommun","katrineholms-kommun","Katrineholms kommun"
"kils-kommun","kils-kommun","Kils kommun"
"kinda-kommun","kinda-kommun","Kinda kommun"
"kiruna-kommun","kiruna-kommun","Kiruna kommun"
"klippans-kommun","klippans-kommun","Klippans kommun"
"knivsta-kommun","knivsta-kommun","Knivsta kommun"
"kramfors-kommun","kramfors-kommun","Kramfors kommun"
"kristianstads-kommun","kristianstads-kommun","Kristianstads kommun"
"kristinehamns-kommun","kristinehamns-kommun","Kristinehamns kommun"
"krokoms-kommun","krokoms-kommun","Krokoms kommun"
"kumla-kommun","kumla-kommun","Kumla kommun"
"kungsbacka-kommun","kungsbacka-kommun","Kungsbacka kommun"
"kungsörs-kommun","kungsörs-kommun","Kungsörs kommun"
"kungälvs-kommun","kungälvs-kommun","Kungälvs kommun"
"kävlinge-kommun","kävlinge-kommun","Kävlinge kommun"
"köpings-kommun","köpings-kommun","Köpings kommun"
"laholms-kommun","laholms-kommun","Laholms kommun"
"landskrona-kommun","landskrona-kommun","Landskrona kommun"
"laxå-kommun","laxå-kommun","Laxå kommun"
"lekebergs-kommun","lekebergs-kommun","Lekebergs kommun"
"leksands-kommun","leksands-kommun","Leksands kommun"
"lerums-kommun","lerums-kommun","Lerums kommun"
"lessebo-kommun","lessebo-kommun","Lessebo kommun"
"lidingö-kommun","lidingö-kommun","Lidingö kommun"
"lidköpings-kommun","lidköpings-kommun","Lidköpings kommun"
"lilla-edets-kommun","lilla-edets-kommun","Lilla Edets kommun"
"lindesbergs-kommun","lindesbergs-kommun","Lindesbergs kommun"
"linköpings-kommun","linköpings-kommun","Linköpings kommun"
"ljungby-kommun","ljungby-kommun","Ljungby kommun"
"ljusdals-kommun","ljusdals-kommun","Ljusdals kommun"
"ljusnarsbergs-kommun","ljusnarsbergs-kommun","Ljusnarsbergs kommun"
"lomma-kommun","lomma-kommun","Lomma kommun"
"ludvika-kommun","ludvika-kommun","Ludvika kommun"
"luleå-kommun","luleå-kommun","Luleå kommun"
"lunds-kommun","lunds-kommun","Lunds kommun"
"lycksele-kommun","lycksele-kommun","Lycksele kommun"
"lysekils-kommun","lysekils-kommun","Lysekils kommun"
"malmö-kommun","malmö-kommun","Malmö kommun"
"malung-sälens-kommun","malung-sälens-kommun","Malung-Sälens kommun"
"malå-kommun","malå-kommun","Malå kommun"
"mariestads-kommun","mariestads-kommun","Mariestads kommun"
"markaryds-kommun","markaryds-kommun","Markaryds kommun"
"marks-kommun","marks-kommun","Marks kommun"
"melleruds-kommun","melleruds-kommun","Melleruds kommun"
"mjölby-kommun","mjölby-kommun","Mjölby kommun"
"mora-kommun","mora-kommun","Mora kommun"
"motala-kommun","motala-kommun","Motala kommun"
"mullsjö-kommun","mullsjö-kommun","Mullsjö kommun"
"munkedals-kommun","munkedals-kommun","Munkedals kommun"
"munkfors-kommun","munkfors-kommun","Munkfors kommun"
"mölndals-kommun","mölndals-kommun","Mölndals kommun"
"mönsterås-kommun","mönsterås-kommun","Mönsterås kommun"
"mörbylånga-kommun","mörbylånga-kommun","Mörbylånga kommun"
"nacka-kommun","nacka-kommun","Nacka kommun"
"nora-kommun","nora-kommun","Nora kommun"
"norbergs-kommun","norbergs-kommun","Norbergs kommun"
"nordanstigs-kommun","nordanstigs-kommun","Nordanstigs kommun"
"nordmalings-kommun","nordmalings-kommun","Nordmalings kommun"
"norrköpings-kommun","norrköpings-kommun","Norrköpings kommun"
"norrtälje-kommun","norrtälje-kommun","Norrtälje kommun"
"norsjö-kommun","norsjö-kommun","Norsjö kommun"
"nybro-kommun","nybro-kommun","Nybro kommun"
"nykvarns-kommun","nykvarns-kommun","Nykvarns kommun"
"nyköpings-kommun","nyköpings-kommun","Nyköpings kommun"
"nynäshamns-kommun","nynäshamns-kommun","Nynäshamns kommun"
"nässjö-kommun","nässjö-kommun","Nässjö kommun"
"ockelbo-kommun","ockelbo-kommun","Ockelbo kommun"
"olofströms-kommun","olofströms-kommun","Olofströms kommun"
"orsa-kommun","orsa-kommun","Orsa kommun"
"orust-kommun","orust-kommun","Orust kommun"
"osby-kommun","osby-kommun","Osby kommun"
"oskarshamns-kommun","oskarshamns-kommun","Oskarshamns kommun"
"ovanåkers-kommun","ovanåkers-kommun","Ovanåkers kommun"
"oxelösunds-kommun","oxelösunds-kommun","Oxelösunds kommun"
"pajala-kommun","pajala-kommun","Pajala kommun"
"partille-kommun","partille-kommun","Partille kommun"
"perstorps-kommun","perstorps-kommun","Perstorps kommun"
"piteå-kommun","piteå-kommun","Piteå kommun"
"ragunda-kommun","ragunda-kommun","Ragunda kommun"
"robertsfors-kommun","robertsfors-kommun","Robertsfors kommun"
"ronneby-kommun","ronneby-kommun","Ronneby kommun"
"rättviks-kommun","rättviks-kommun","Rättviks kommun"
"sala-kommun","sala-kommun","Sala kommun"
"salems-kommun","salems-kommun","Salems kommun"
"sandvikens-kommun","sandvikens-kommun","Sandvikens kommun"
"sigtuna-kommun","sigtuna-kommun","Sigtuna kommun"
"simrishamns-kommun","simrishamns-kommun","Simrishamns kommun"
"sjöbo-kommun","sjöbo-kommun","Sjöbo kommun"
"skara-kommun","skara-kommun","Skara kommun"
"skellefteå-kommun","skellefteå-kommun","Skellefteå kommun"
"skinnskattebergs-kommun","skinnskattebergs-kommun","Skinnskattebergs kommun"
"skurups-kommun","skurups-kommun","Skurups kommun"
"skövde-kommun","skövde-kommun","Skövde kommun"
"smedjebackens-kommun","smedjebackens-kommun","Smedjebackens kommun"
"sollefteå-kommun","sollefteå-kommun","Sollefteå kommun"
"sollentuna-kommun","sollentuna-kommun","Sollentuna kommun"
"solna-kommun","solna-kommun","Solna kommun"
"sorsele-kommun","sorsele-kommun","Sorsele kommun"
"sotenäs-kommun","sotenäs-kommun","Sotenäs kommun"
"staffanstorps-kommun","staffanstorps-kommun","Staffanstorps kommun"
"stenungsunds-kommun","stenungsunds-kommun","Stenungsunds kommun"
"stockholms-kommun","stockholms-kommun","Stockholms kommun"
"storfors-kommun","storfors-kommun","Storfors kommun"
"storumans-kommun","storumans-kommun","Storumans kommun"
"strängnäs-kommun","strängnäs-kommun","Strängnäs kommun"
"strömstads-kommun","strömstads-kommun","Strömstads kommun"
"strömsunds-kommun","strömsunds-kommun","Strömsunds kommun"
"sundbybergs-kommun","sundbybergs-kommun","Sundbybergs kommun"
"sundsvalls-kommun","sundsvalls-kommun","Sundsvalls kommun"
"sunne-kommun","sunne-kommun","Sunne kommun"
"surahammars-kommun","surahammars-kommun","Surahammars kommun"
"svalövs-kommun","svalövs-kommun","Svalövs kommun"
"svedala-kommun","svedala-kommun","Svedala kommun"
"svenljunga-kommun","svenljunga-kommun","Svenljunga kommun"
"säffle-kommun","säffle-kommun","Säffle kommun"
"säters-kommun","säters-kommun","Säters kommun"
"sävsjö-kommun","sävsjö-kommun","Sävsjö kommun"
"söderhamns-kommun","söderhamns-kommun","Söderhamns kommun"
"söderköpings-kommun","söderköpings-kommun","Söderköpings kommun"
"södertälje-kommun","södertälje-kommun","Södertälje kommun"
"sölvesborgs-kommun","sölvesborgs-kommun","Sölvesborgs kommun"
"tanums-kommun","tanums-kommun","Tanums kommun"
"tibro-kommun","tibro-kommun","Tibro kommun"
"tidaholms-kommun","tidaholms-kommun","Tidaholms kommun"
"tierps-kommun","tierps-kommun","Tierps kommun"
"timrå-kommun","timrå-kommun","Timrå kommun"
"tingsryds-kommun","tingsryds-kommun","Tingsryds kommun"
"tjörns-kommun","tjörns-kommun","Tjörns kommun"
"tomelilla-kommun","tomelilla-kommun","Tomelilla kommun"
"torsby-kommun","torsby-kommun","Torsby kommun"
"torsås-kommun","torsås-kommun","Torsås kommun"
"tranemo-kommun","tranemo-kommun","Tranemo kommun"
"tranås-kommun","tranås-kommun","Tranås kommun"
"trelleborg-kommun","trelleborg-kommun","Trelleborg kommun"
"trollhättans-kommun","trollhättans-kommun","Trollhättans kommun"
"trosa-kommun","trosa-kommun","Trosa kommun"
"tyresö-kommun","tyresö-kommun","Tyresö kommun"
"täby-kommun","täby-kommun","Täby kommun"
"töreboda-kommun","töreboda-kommun","Töreboda kommun"
"uddevalla-kommun","uddevalla-kommun","Uddevalla kommun"
"ulricehamn-kommun","ulricehamn-kommun","Ulricehamn kommun"
"umeå-kommun","umeå-kommun","Umeå kommun"
"upplands-bro-kommun","upplands-bro-kommun","Upplands-Bro kommun"
"upplands-väsby-kommun","upplands-väsby-kommun","Upplands Väsby kommun"
"uppsala-kommun","uppsala-kommun","Uppsala kommun"
"uppvidinge-kommun","uppvidinge-kommun","Uppvidinge kommun"
"vadstena-kommun","vadstena-kommun","Vadstena kommun"
"vaggeryds-kommun","vaggeryds-kommun","Vaggeryds kommun"
"valdemarsviks-kommun","valdemarsviks-kommun","Valdemarsviks kommun"
"vallentuna-kommun","vallentuna-kommun","Vallentuna kommun"
"vansbro-kommun","vansbro-kommun","Vansbro kommun"
"vara-kommun","vara-kommun","Vara kommun"
"varbergs-kommun","varbergs-kommun","Varbergs kommun"
"vaxholms-kommun","vaxholms-kommun","Vaxholms kommun"
"vellinge-kommun","vellinge-kommun","Vellinge kommun"
"vetlanda-kommun","vetlanda-kommun","Vetlanda kommun"
"vilhelmina-kommun","vilhelmina-kommun","Vilhelmina kommun"
"vimmerby-kommun","vimmerby-kommun","Vimmerby kommun"
"vindelns-kommun","vindelns-kommun","Vindelns kommun"
"vingåkers-kommun","vingåkers-kommun","Vingåkers kommun"
"vårgårda-kommun","vårgårda-kommun","Vårgårda kommun"
"vänersborgs-kommun","vänersborgs-kommun","Vänersborgs kommun"
"vännäs-kommun","vännäs-kommun","Vännäs kommun"
"värmdö-kommun","värmdö-kommun","Värmdö kommun"
"värnamo-kommun","värnamo-kommun","Värnamo kommun"
"västerviks-kommun","västerviks-kommun","Västerviks kommun"
"västerås-kommun","västerås-kommun","Västerås kommun"
"växjö-kommun","växjö-kommun","Växjö kommun"
"ydre-kommun","ydre-kommun","Ydre kommun"
"ystads-kommun","ystads-kommun","Ystads kommun"
"åmåls-kommun","åmåls-kommun","Åmåls kommun"
"ånge-kommun","ånge-kommun","Ånge kommun"
"åre-kommun","åre-kommun","Åre kommun"
"årjängs-kommun","årjängs-kommun","Årjängs kommun"
"åsele-kommun","åsele-kommun","Åsele kommun"
"åstorps-kommun","åstorps-kommun","Åstorps kommun"
"åtvidabergs-kommun","åtvidabergs-kommun","Åtvidabergs kommun"
"älmhults-kommun","älmhults-kommun","Älmhults kommun"
"älvdalens-kommun","älvdalens-kommun","Älvdalens kommun"
"älvkarleby-kommun","älvkarleby-kommun","Älvkarleby kommun"
"älvsbyns-kommun","älvsbyns-kommun","Älvsbyns kommun"
"ängelholms-kommun","ängelholms-kommun","Ängelholms kommun"
"öckerö-kommun","öckerö-kommun","Öckerö kommun"
"ödeshögs-kommun","ödeshögs-kommun","Ödeshögs kommun"
"örebro-kommun","örebro-kommun","Örebro kommun"
"örkelljunga-kommun","örkelljunga-kommun","Örkelljunga kommun"
"örnsköldsviks-kommun","örnsköldsviks-kommun","Örnsköldsviks kommun"
"östersunds-kommun","östersunds-kommun","Östersunds kommun"
"österåkers-kommun","österåkers-kommun","Österåkers kommun"
"östhammars-kommun","östhammars-kommun","Östhammars kommun"
"östra-göinge-kommun","östra-göinge-kommun","Östra Göinge kommun"
"överkalix-kommun","överkalix-kommun","Överkalix kommun"
"övertorneå-kommun","övertorneå-kommun","Övertorneå kommun"